offer_id,offer_category,payout_type,payout_eur
of_0000,rpg,cpe,5.36
of_0001,rpg,cpa,4.0
of_0002,puzzle,cpi,1.66
of_0003,rpg,cpi,0.57
of_0004,casual,cpi,1.69
of_0005,puzzle,cpi,1.05
of_0006,strategy,cpi,1.07
of_0007,casual,cpe,2.63
of_0008,puzzle,cpe,1.8
of_0009,casual,cpi,4.13
of_0010,strategy,cpe,5.48
of_0011,puzzle,cpe,2.65
of_0012,casual,cpa,2.12
of_0013,casino,cpi,4.02
of_0014,casual,cpi,4.21
of_0015,puzzle,cpi,4.45
of_0016,puzzle,cpe,2.54
of_0017,strategy,cpe,1.85
of_0018,casino,cpi,3.13
of_0019,casual,cpi,2.45
of_0020,casual,cpe,1.31
of_0021,casino,cpe,1.06
of_0022,strategy,cpa,2.15
of_0023,puzzle,cpa,1.94
of_0024,rpg,cpe,2.18
of_0025,casual,cpe,1.72
of_0026,casino,cpe,0.53
of_0027,casino,cpe,3.14
of_0028,rpg,cpi,0.94
of_0029,casual,cpi,1.94
of_0030,strategy,cpa,2.59
of_0031,rpg,cpa,1.76
of_0032,rpg,cpi,2.57
of_0033,casino,cpi,6.29
of_0034,casual,cpi,3.47
of_0035,casual,cpi,2.67
of_0036,puzzle,cpe,2.64
of_0037,casual,cpe,2.43
of_0038,casino,cpi,0.72
of_0039,casual,cpe,0.47
of_0040,casino,cpe,2.33
of_0041,rpg,cpe,1.41
of_0042,puzzle,cpi,2.99
of_0043,rpg,cpe,3.2
of_0044,casino,cpe,1.93
of_0045,casino,cpe,1.09
of_0046,rpg,cpa,2.09
of_0047,strategy,cpi,1.43
of_0048,rpg,cpi,3.8
of_0049,casual,cpe,1.22
of_0050,puzzle,cpe,0.49
of_0051,rpg,cpi,1.49
of_0052,casino,cpa,2.73
of_0053,puzzle,cpe,3.87
of_0054,strategy,cpe,7.12
of_0055,casino,cpi,1.71
of_0056,strategy,cpe,3.83
of_0057,puzzle,cpa,3.47
of_0058,casual,cpe,1.38
of_0059,casual,cpa,0.74
of_0060,rpg,cpe,1.47
of_0061,puzzle,cpa,2.48
of_0062,puzzle,cpe,2.25
of_0063,rpg,cpa,1.73
of_0064,strategy,cpe,1.06
of_0065,rpg,cpe,1.97
of_0066,casual,cpi,2.79
of_0067,rpg,cpa,2.22
of_0068,puzzle,cpa,3.46
of_0069,strategy,cpi,1.3
of_0070,casino,cpi,3.83
of_0071,strategy,cpi,2.36
of_0072,casual,cpa,0.71
of_0073,rpg,cpe,2.9
of_0074,rpg,cpi,3.26
of_0075,puzzle,cpe,2.38
of_0076,casual,cpi,2.35
of_0077,rpg,cpi,3.65
of_0078,casual,cpe,3.21
of_0079,strategy,cpe,3.28
of_0080,puzzle,cpe,3.91
of_0081,casino,cpi,0.68
of_0082,puzzle,cpe,3.68
of_0083,casino,cpi,1.73
of_0084,rpg,cpe,0.9
of_0085,puzzle,cpi,4.69
of_0086,casual,cpa,4.04
of_0087,puzzle,cpa,3.33
of_0088,rpg,cpe,0.98
of_0089,casino,cpi,2.08
of_0090,strategy,cpi,1.01
of_0091,puzzle,cpe,1.07
of_0092,casino,cpe,1.04
of_0093,puzzle,cpa,5.89
of_0094,casual,cpe,0.91
of_0095,puzzle,cpa,3.57
of_0096,rpg,cpi,2.22
of_0097,casual,cpe,1.97
of_0098,rpg,cpi,2.07
of_0099,casual,cpe,3.41
of_0100,casual,cpa,6.57
of_0101,puzzle,cpe,1.76
of_0102,strategy,cpi,6.14
of_0103,strategy,cpa,0.8
of_0104,rpg,cpi,3.39
of_0105,casino,cpe,2.1
of_0106,casino,cpe,2.54
of_0107,casual,cpi,4.3
of_0108,casino,cpe,5.14
of_0109,casual,cpe,2.7
of_0110,strategy,cpi,0.45
of_0111,casual,cpi,0.71
of_0112,rpg,cpe,2.4
of_0113,strategy,cpi,4.14
of_0114,rpg,cpe,4.56
of_0115,puzzle,cpe,5.33
of_0116,casual,cpi,1.82
of_0117,puzzle,cpe,2.64
of_0118,strategy,cpi,6.72
of_0119,strategy,cpi,3.5
of_0120,casino,cpa,0.7
of_0121,strategy,cpi,9.07
of_0122,casino,cpe,1.1
of_0123,rpg,cpi,1.92
of_0124,casino,cpe,2.59
of_0125,puzzle,cpe,1.87
of_0126,casino,cpi,1.22
of_0127,rpg,cpe,2.46
of_0128,rpg,cpi,9.99
of_0129,casino,cpa,3.32
of_0130,strategy,cpe,3.9
of_0131,puzzle,cpe,1.77
of_0132,strategy,cpi,5.62
of_0133,puzzle,cpe,1.16
of_0134,strategy,cpe,1.03
of_0135,casino,cpi,4.69
of_0136,puzzle,cpi,3.0
of_0137,rpg,cpe,0.8
of_0138,strategy,cpa,5.98
of_0139,casino,cpe,0.56
of_0140,casino,cpe,4.82
of_0141,strategy,cpe,1.32
of_0142,strategy,cpe,1.35
of_0143,strategy,cpa,1.51
of_0144,rpg,cpe,3.8
of_0145,casino,cpe,1.06
of_0146,rpg,cpe,1.49
of_0147,puzzle,cpi,2.02
of_0148,casino,cpe,1.63
of_0149,rpg,cpi,1.62
of_0150,rpg,cpe,1.71
of_0151,strategy,cpi,1.39
of_0152,puzzle,cpa,5.06
of_0153,casino,cpa,2.77
of_0154,puzzle,cpe,2.09
of_0155,casino,cpa,1.15
of_0156,strategy,cpi,8.05
of_0157,rpg,cpi,1.04
of_0158,strategy,cpa,2.32
of_0159,casual,cpi,0.94
of_0160,casino,cpe,1.63
of_0161,casino,cpa,4.72
of_0162,casino,cpe,5.4
of_0163,puzzle,cpa,3.54
of_0164,casual,cpi,1.79
of_0165,strategy,cpe,2.25
of_0166,casino,cpe,3.44
of_0167,casual,cpi,5.3
of_0168,casual,cpi,1.9
of_0169,puzzle,cpe,1.69
of_0170,strategy,cpa,4.41
of_0171,rpg,cpe,1.01
of_0172,casino,cpe,1.54
of_0173,rpg,cpe,4.33
of_0174,puzzle,cpe,2.32
of_0175,casino,cpi,2.34
of_0176,rpg,cpe,7.02
of_0177,strategy,cpi,1.72
of_0178,casino,cpe,1.8
of_0179,puzzle,cpe,4.71
